N,Problem,Strategy,Time_s
10000,P1,For,0.0009753039998940949
10000,P1,For,0.0009465999999065389
10000,P1,For,0.0009694629998193705
10000,P1,For,0.0009792610001113644
10000,P1,For,0.0013415729999906034
10000,P1,For,0.0009105629999339726
10000,P1,For,0.0009288470000683446
10000,P1,For,0.0009326339998096955
10000,P1,For,0.0009063640000022133
10000,P1,For,0.0009732199998779834
10000,P1,For,0.0008553389998269267
10000,P1,For,0.0008747050001147727
10000,P1,For,0.0008941319999848929
10000,P1,For,0.0008684330000505724
10000,P1,For,0.0009011049999116949
10000,P1,For,0.001120126999921922
10000,P1,For,0.0009301089999098622
10000,P1,For,0.0009456579998641246
10000,P1,For,0.0009643529999721068
10000,P1,For,0.0009124459998020029
10000,P1,For,0.0008905240001695347
10000,P1,For,0.0008741139999983716
10000,P1,For,0.0008801149999726476
10000,P1,For,0.001100709999946048
10000,P1,For,0.0009015549999276118
10000,P1,For,0.0008837620000576862
10000,P1,For,0.0008525230000486772
10000,P1,For,0.0008605079999597365
10000,P1,For,0.0008917370000744995
10000,P1,For,0.0008692849999079044
10000,P1,For,0.0008703959999820654
10000,P1,For,0.0008859760000632377
10000,P1,For,0.0008677210000769264
10000,P1,For,0.000883541000121113
10000,P1,For,0.0009722580000470771
10000,P1,For,0.0008830609999677108
10000,P1,For,0.0010222119999525603
10000,P1,For,0.0012580759998854774
10000,P1,For,0.0013225479999618983
10000,P1,For,0.0016028540001116198
10000,P1,For,0.000989229999959207
10000,P1,For,0.0009415000001808949
10000,P1,For,0.0008980289999271918
10000,P1,For,0.0009022169999752805
10000,P1,For,0.0014562080000359856
10000,P1,For,0.0009100009999656322
10000,P1,For,0.0008718190001673065
10000,P1,For,0.0009352789998047228
10000,P1,For,0.0013334269999631942
10000,P1,For,0.001628221999908419
10000,P1,Comp,0.0013562199999341829
10000,P1,Comp,0.0009360500000639149
10000,P1,Comp,0.0009473109998907603
10000,P1,Comp,0.0009541239999180107
10000,P1,Comp,0.0009238570000889013
10000,P1,Comp,0.0008803850000731472
10000,P1,Comp,0.0008691439998074202
10000,P1,Comp,0.0009080779998384969
10000,P1,Comp,0.0009314809999523277
10000,P1,Comp,0.0008727709998765931
10000,P1,Comp,0.0008735429998978361
10000,P1,Comp,0.000898528999869086
10000,P1,Comp,0.0008953730000484939
10000,P1,Comp,0.0008951530001013452
10000,P1,Comp,0.000921082000104434
10000,P1,Comp,0.0009063439999863476
10000,P1,Comp,0.0009018660000492673
10000,P1,Comp,0.0009348480000426207
10000,P1,Comp,0.0008578229999329778
10000,P1,Comp,0.0008447879999948782
10000,P1,Comp,0.0008453400000689726
10000,P1,Comp,0.0008254730000771815
10000,P1,Comp,0.0008411819999309955
10000,P1,Comp,0.0008420540000315668
10000,P1,Comp,0.0008478849999846716
10000,P1,Comp,0.0008469019999211014
10000,P1,Comp,0.0008394980000048236
10000,P1,Comp,0.0008488969999689289
10000,P1,Comp,0.0008767990000251302
10000,P1,Comp,0.000853023999979996
10000,P1,Comp,0.0008724799999981769
10000,P1,Comp,0.0008679420000134996
10000,P1,Comp,0.0008745949999138247
10000,P1,Comp,0.0008770689998982562
10000,P1,Comp,0.0008649369999602641
10000,P1,Comp,0.0008731020000141143
10000,P1,Comp,0.0008610489999227866
10000,P1,Comp,0.0008464009999897826
10000,P1,Comp,0.0008519420000538958
10000,P1,Comp,0.0008613889999651292
10000,P1,Comp,0.0008481949998895288
10000,P1,Comp,0.000851330999921629
10000,P1,Comp,0.0008524230001967226
10000,P1,Comp,0.0008586550000018178
10000,P1,Comp,0.0008550380000542646
10000,P1,Comp,0.0008553579998533678
10000,P1,Comp,0.0008562909999909607
10000,P1,Comp,0.0008554779999485618
10000,P1,Comp,0.0008562599998640508
10000,P1,Comp,0.0008590760000970477
10000,P1,Gen,0.0009558070000821317
10000,P1,Gen,0.0009588229997916642
10000,P1,Gen,0.0009510479999335075
10000,P1,Gen,0.0009489850001500599
10000,P1,Gen,0.0009497060000285273
10000,P1,Gen,0.0009530419999919104
10000,P1,Gen,0.0009539740001400787
10000,P1,Gen,0.0009355590000268421
10000,P1,Gen,0.0009146300001248164
10000,P1,Gen,0.0009167939999770169
10000,P1,Gen,0.0009172749998924701
10000,P1,Gen,0.0009172649999982241
10000,P1,Gen,0.000929688000042006
10000,P1,Gen,0.0009274440001263429
10000,P1,Gen,0.0009286659999361291
10000,P1,Gen,0.0009264530001473759
10000,P1,Gen,0.0009261010000045644
10000,P1,Gen,0.0009328650000952621
10000,P1,Gen,0.0009319319999576692
10000,P1,Gen,0.0009243080000942427
10000,P1,Gen,0.0009210420000727026
10000,P1,Gen,0.0009250789998986875
10000,P1,Gen,0.0009200199999668257
10000,P1,Gen,0.0009289659999467403
10000,P1,Gen,0.0009350489999633282
10000,P1,Gen,0.0009332350000477163
10000,P1,Gen,0.0009423619999324728
10000,P1,Gen,0.0009387150000748079
10000,P1,Gen,0.0009525109999231063
10000,P1,Gen,0.0009351589999369025
10000,P1,Gen,0.0009246089998669049
10000,P1,Gen,0.000919177999776366
10000,P1,Gen,0.0009212420000039856
10000,P1,Gen,0.0009222539999882429
10000,P1,Gen,0.0009221850000358245
10000,P1,Gen,0.0009273129999201046
10000,P1,Gen,0.000926241999877675
10000,P1,Gen,0.0009257509998406022
10000,P1,Gen,0.0009233559999302088
10000,P1,Gen,0.0009309509998729482
10000,P1,Gen,0.000923696999961976
10000,P1,Gen,0.0009224450000147044
10000,P1,Gen,0.0009212320001097396
10000,P1,Gen,0.0009309810000104335
10000,P1,Gen,0.0009269829999993817
10000,P1,Gen,0.000932944999931351
10000,P1,Gen,0.0009342569999262196
10000,P1,Gen,0.0009281449999889446
10000,P1,Gen,0.0009249390000150015
10000,P1,Gen,0.0009271939998143353
10000,P1,Numpy,2.2322000177155132e-05
10000,P1,Numpy,3.246000005674432e-06
10000,P1,Numpy,2.564999931564671e-06
10000,P1,Numpy,2.375000121901394e-06
10000,P1,Numpy,2.3439999949914636e-06
10000,P1,Numpy,2.384000026722788e-06
10000,P1,Numpy,2.334999862796394e-06
10000,P1,Numpy,2.3049999526847387e-06
10000,P1,Numpy,2.3049999526847387e-06
10000,P1,Numpy,2.314000084879808e-06
10000,P1,Numpy,2.314000084879808e-06
10000,P1,Numpy,2.3239999791258015e-06
10000,P1,Numpy,2.314000084879808e-06
10000,P1,Numpy,2.3239999791258015e-06
10000,P1,Numpy,2.3039999632601393e-06
10000,P1,Numpy,2.3039999632601393e-06
10000,P1,Numpy,2.3040001906338148e-06
10000,P1,Numpy,2.324999968550401e-06
10000,P1,Numpy,2.5550000373186776e-06
10000,P1,Numpy,2.294000069014146e-06
10000,P1,Numpy,2.3439999949914636e-06
10000,P1,Numpy,2.3039999632601393e-06
10000,P1,Numpy,2.3040001906338148e-06
10000,P1,Numpy,2.3049999526847387e-06
10000,P1,Numpy,2.3049999526847387e-06
10000,P1,Numpy,2.314999846930732e-06
10000,P1,Numpy,2.324999968550401e-06
10000,P1,Numpy,2.3039999632601393e-06
10000,P1,Numpy,2.314000084879808e-06
10000,P1,Numpy,2.3039999632601393e-06
10000,P1,Numpy,2.314000084879808e-06
10000,P1,Numpy,2.294000069014146e-06
10000,P1,Numpy,2.3040001906338148e-06
10000,P1,Numpy,2.3239999791258015e-06
10000,P1,Numpy,2.3139998575061327e-06
10000,P1,Numpy,2.3049999526847387e-06
10000,P1,Numpy,2.3049999526847387e-06
10000,P1,Numpy,2.305000180058414e-06
10000,P1,Numpy,2.2950000584387453e-06
10000,P1,Numpy,2.29499983106507e-06
10000,P1,Numpy,2.2950000584387453e-06
10000,P1,Numpy,2.294000069014146e-06
10000,P1,Numpy,2.3039999632601393e-06
10000,P1,Numpy,2.3039999632601393e-06
10000,P1,Numpy,2.3239999791258015e-06
10000,P1,Numpy,2.3039999632601393e-06
10000,P1,Numpy,2.3039999632601393e-06
10000,P1,Numpy,2.294000069014146e-06
10000,P1,Numpy,2.3239999791258015e-06
10000,P1,Numpy,2.314000084879808e-06
10000,P2,For,0.007377983999958815
10000,P2,For,0.007308643999976994
10000,P2,For,0.007318190999967555
10000,P2,For,0.007415915000137829
10000,P2,For,0.007266865000019607
10000,P2,For,0.007412830000021131
10000,P2,For,0.0070104320000154985
10000,P2,For,0.007048525000072914
10000,P2,For,0.007076176999817108
10000,P2,For,0.0071191269998962525
10000,P2,For,0.007070334999980332
10000,P2,For,0.007122764000087045
10000,P2,For,0.007101122999984
10000,P2,For,0.007056168999952206
10000,P2,For,0.00710099299999456
10000,P2,For,0.00710931900016476
10000,P2,For,0.007069282999964344
10000,P2,For,0.007137932999967234
10000,P2,For,0.007153792000053727
10000,P2,For,0.007107294999968872
10000,P2,For,0.007134507000046142
10000,P2,For,0.007142421000025934
10000,P2,For,0.007129907000035018
10000,P2,For,0.007096094000189623
10000,P2,For,0.007131059000130335
10000,P2,For,0.007123084000113522
10000,P2,For,0.007155144999842378
10000,P2,For,0.00718254599996726
10000,P2,For,0.007171836999987136
10000,P2,For,0.007227160999946136
10000,P2,For,0.007183739000083733
10000,P2,For,0.0071434629999203025
10000,P2,For,0.007113367000101789
10000,P2,For,0.007157209000069997
10000,P2,For,0.007110560999990412
10000,P2,For,0.00713198099992951
10000,P2,For,0.007118005000165795
10000,P2,For,0.00705464599991501
10000,P2,For,0.00712912599988158
10000,P2,For,0.0071487329998944915
10000,P2,For,0.007140496999909374
10000,P2,For,0.007135136999977476
10000,P2,For,0.007172537999849737
10000,P2,For,0.007170734000055745
10000,P2,For,0.0071462480000263895
10000,P2,For,0.0072213490000194724
10000,P2,For,0.007107796000127564
10000,P2,For,0.007159543999932794
10000,P2,For,0.007154073000037897
10000,P2,For,0.007052392000105101
10000,P2,Comp,0.00838390600006278
10000,P2,Comp,0.008271293999996487
10000,P2,Comp,0.008324072999812415
10000,P2,Comp,0.008317641000076037
10000,P2,Comp,0.008196603999977015
10000,P2,Comp,0.00819990000013604
10000,P2,Comp,0.008240335999971649
10000,P2,Comp,0.008234324000113702
10000,P2,Comp,0.008218774999932066
10000,P2,Comp,0.008250383999893529
10000,P2,Comp,0.008258308999984365
10000,P2,Comp,0.0082011220001732
10000,P2,Comp,0.008283527000003232
10000,P2,Comp,0.00826170599998477
10000,P2,Comp,0.008269440000049144
10000,P2,Comp,0.00823278100006064
10000,P2,Comp,0.008426755999835223
10000,P2,Comp,0.008346274999894376
10000,P2,Comp,0.008356994999985545
10000,P2,Comp,0.008254140999952142
10000,P2,Comp,0.008302333000074213
10000,P2,Comp,0.008274509999864677
10000,P2,Comp,0.008300419000079273
10000,P2,Comp,0.008273478000091927
10000,P2,Comp,0.00826387999995859
10000,P2,Comp,0.008289377999972203
10000,P2,Comp,0.008291311999983009
10000,P2,Comp,0.008259451999947487
10000,P2,Comp,0.008307521999995515
10000,P2,Comp,0.008243300999993153
10000,P2,Comp,0.00825082599999405
10000,P2,Comp,0.008231699999896591
10000,P2,Comp,0.008273498000107793
10000,P2,Comp,0.008300959000052899
10000,P2,Comp,0.008301740999968388
10000,P2,Comp,0.008228082999949038
10000,P2,Comp,0.008208174999936091
10000,P2,Comp,0.008227472000044145
10000,P2,Comp,0.008249523000131376
10000,P2,Comp,0.008283015999950294
10000,P2,Comp,0.00831103800010169
10000,P2,Comp,0.008291691999829709
10000,P2,Comp,0.008274840000012773
10000,P2,Comp,0.008292973999914466
10000,P2,Comp,0.008277534999933778
10000,P2,Comp,0.008247217999951317
10000,P2,Comp,0.008279870000023948
10000,P2,Comp,0.008287964999908581
10000,P2,Comp,0.008229845999949248
10000,P2,Comp,0.00819128299986005
10000,P2,Gen,0.00850360999993427
10000,P2,Gen,0.00854003799986458
10000,P2,Gen,0.008543273999976009
10000,P2,Gen,0.00859458100012489
10000,P2,Gen,0.008499352000171712
10000,P2,Gen,0.00850700599994525
10000,P2,Gen,0.008519039000020712
10000,P2,Gen,0.008521062999989226
10000,P2,Gen,0.008524900000111302
10000,P2,Gen,0.008434339999894291
10000,P2,Gen,0.008374306999940018
10000,P2,Gen,0.008401487999890378
10000,P2,Gen,0.00846695199993519
10000,P2,Gen,0.008452963999843632
10000,P2,Gen,0.008422688000109702
10000,P2,Gen,0.008487248999927033
10000,P2,Gen,0.008540929999981017
10000,P2,Gen,0.008399535000080505
10000,P2,Gen,0.008517565999909493
10000,P2,Gen,0.008445381000001362
10000,P2,Gen,0.008532435000006444
10000,P2,Gen,0.008481939000148486
10000,P2,Gen,0.008520733000068503
10000,P2,Gen,0.008500794999918071
10000,P2,Gen,0.008477822000031665
10000,P2,Gen,0.008442014000138442
10000,P2,Gen,0.008447574999991048
10000,P2,Gen,0.008458094000161509
10000,P2,Gen,0.008516353999993953
10000,P2,Gen,0.00849751800001286
10000,P2,Gen,0.008472972000163281
10000,P2,Gen,0.008517065999967599
10000,P2,Gen,0.008523687999968388
10000,P2,Gen,0.008510122999950909
10000,P2,Gen,0.008557160999998814
10000,P2,Gen,0.008558412999946086
10000,P2,Gen,0.008492118999811282
10000,P2,Gen,0.008523246999857292
10000,P2,Gen,0.008496818000139683
10000,P2,Gen,0.008271474000139278
10000,P2,Gen,0.008389675999978863
10000,P2,Gen,0.00835233599991625
10000,P2,Gen,0.00838837399987824
10000,P2,Gen,0.00844752500006507
10000,P2,Gen,0.00844802599999639
10000,P2,Gen,0.008441914000059114
10000,P2,Gen,0.008438737999995283
10000,P2,Gen,0.008365530999981274
10000,P2,Gen,0.008441613000059078
10000,P2,Gen,0.008460059000071851
10000,P2,Numpy,4.362200002105965e-05
10000,P2,Numpy,9.868999995887862e-06
10000,P2,Numpy,8.36599997455778e-06
10000,P2,Numpy,8.054999852902256e-06
10000,P2,Numpy,7.95500000094762e-06
10000,P2,Numpy,7.95500000094762e-06
10000,P2,Numpy,7.95500000094762e-06
10000,P2,Numpy,8.085999979812186e-06
10000,P2,Numpy,7.975000016813283e-06
10000,P2,Numpy,7.975000016813283e-06
10000,P2,Numpy,7.96500012256729e-06
10000,P2,Numpy,7.995000032678945e-06
10000,P2,Numpy,7.954000011523021e-06
10000,P2,Numpy,7.934999985081959e-06
10000,P2,Numpy,7.934999985081959e-06
10000,P2,Numpy,7.925000090835965e-06
10000,P2,Numpy,7.95500000094762e-06
10000,P2,Numpy,7.92499986346229e-06
10000,P2,Numpy,7.914999969216296e-06
10000,P2,Numpy,7.925000090835965e-06
10000,P2,Numpy,7.925000090835965e-06
10000,P2,Numpy,7.914999969216296e-06
10000,P2,Numpy,8.105999995677848e-06
10000,P2,Numpy,7.944999879327952e-06
10000,P2,Numpy,7.904999847596628e-06
10000,P2,Numpy,8.13500014373858e-06
10000,P2,Numpy,7.92499986346229e-06
10000,P2,Numpy,7.945000106701627e-06
10000,P2,Numpy,7.934999985081959e-06
10000,P2,Numpy,7.915000196589972e-06
10000,P2,Numpy,7.914999969216296e-06
10000,P2,Numpy,7.905000074970303e-06
10000,P2,Numpy,8.064999974521925e-06
10000,P2,Numpy,7.934999985081959e-06
10000,P2,Numpy,7.934999985081959e-06
10000,P2,Numpy,7.905000074970303e-06
10000,P2,Numpy,7.914999969216296e-06
10000,P2,Numpy,7.934999985081959e-06
10000,P2,Numpy,7.92499986346229e-06
10000,P2,Numpy,7.904999847596628e-06
10000,P2,Numpy,7.92499986346229e-06
10000,P2,Numpy,7.944999879327952e-06
10000,P2,Numpy,7.914999969216296e-06
10000,P2,Numpy,7.914999969216296e-06
10000,P2,Numpy,7.995000032678945e-06
10000,P2,Numpy,7.914999969216296e-06
10000,P2,Numpy,7.944999879327952e-06
10000,P2,Numpy,7.945000106701627e-06
10000,P2,Numpy,8.155999921655166e-06
10000,P2,Numpy,7.995000032678945e-06
10000,P3,For,0.009778868000012153
10000,P3,For,0.00978012099994885
10000,P3,For,0.009670513999935793
10000,P3,For,0.009681494999995266
10000,P3,For,0.009708074999934979
10000,P3,For,0.009659284000008483
10000,P3,For,0.009638032999873758
10000,P3,For,0.009638654999889695
10000,P3,For,0.009698486999923261
10000,P3,For,0.009709106999935102
10000,P3,For,0.009668960999988485
10000,P3,For,0.009665824999956385
10000,P3,For,0.009690120999948704
10000,P3,For,0.009819906000075207
10000,P3,For,0.009646288999874741
10000,P3,For,0.009734014000059688
10000,P3,For,0.00967533299990464
10000,P3,For,0.009862576000159606
10000,P3,For,0.009716210000078718
10000,P3,For,0.00972986600004333
10000,P3,For,0.009570425999982035
10000,P3,For,0.00991483400002835
10000,P3,For,0.009682968000106484
10000,P3,For,0.009685502000138513
10000,P3,For,0.009866503000012017
10000,P3,For,0.009868245999996361
10000,P3,For,0.009722601999783365
10000,P3,For,0.010072850999904404
10000,P3,For,0.00962873599996783
10000,P3,For,0.009669212000062544
10000,P3,For,0.010217732999990403
10000,P3,For,0.009837246999950366
10000,P3,For,0.009779389999948762
10000,P3,For,0.009860661999937292
10000,P3,For,0.009652169999981197
10000,P3,For,0.00985296799990465
10000,P3,For,0.009789187000023958
10000,P3,For,0.009824725000044054
10000,P3,For,0.009777214999985517
10000,P3,For,0.009786702999917907
10000,P3,For,0.009893142999999327
10000,P3,For,0.009790830999918398
10000,P3,For,0.00980516799995712
10000,P3,For,0.009787494999955015
10000,P3,For,0.009796090999998341
10000,P3,For,0.009814184000106252
10000,P3,For,0.009772326000074827
10000,P3,For,0.009421214999974836
10000,P3,For,0.009674021999899196
10000,P3,For,0.00967699700004232
10000,P3,Comp,0.01922864799985291
10000,P3,Comp,0.019100035000064963
10000,P3,Comp,0.019192378000070676
10000,P3,Comp,0.01930134300005193
10000,P3,Comp,0.019179003000090233
10000,P3,Comp,0.01919534399985423
10000,P3,Comp,0.0191419230000065
10000,P3,Comp,0.01909459400008018
10000,P3,Comp,0.019158694999987347
10000,P3,Comp,0.019191776999832655
10000,P3,Comp,0.019105104000118445
10000,P3,Comp,0.019246691000034843
10000,P3,Comp,0.018726652999930593
10000,P3,Comp,0.018747712000049432
10000,P3,Comp,0.018797816999949646
10000,P3,Comp,0.018972294000150214
10000,P3,Comp,0.019110604000161402
10000,P3,Comp,0.018979687999944872
10000,P3,Comp,0.018988935000152196
10000,P3,Comp,0.019002690999968763
10000,P3,Comp,0.019102960000054736
10000,P3,Comp,0.019099743999959173
10000,P3,Comp,0.019035232000078395
10000,P3,Comp,0.019126214000152686
10000,P3,Comp,0.019123449000062465
10000,P3,Comp,0.019061972999907084
10000,P3,Comp,0.018999514999904932
10000,P3,Comp,0.019021616999907565
10000,P3,Comp,0.019026706999966336
10000,P3,Comp,0.019070679000151358
10000,P3,Comp,0.01909180899997409
10000,P3,Comp,0.01899182099987229
10000,P3,Comp,0.019207496000035462
10000,P3,Comp,0.01920506199985539
10000,P3,Comp,0.019185886000059327
10000,P3,Comp,0.018888176000018575
10000,P3,Comp,0.01902039500009778
10000,P3,Comp,0.01897688299982292
10000,P3,Comp,0.018913935000000492
10000,P3,Comp,0.018992551999872376
10000,P3,Comp,0.019061262000150236
10000,P3,Comp,0.019008382000038182
10000,P3,Comp,0.018856998000046588
10000,P3,Comp,0.018872526999984984
10000,P3,Comp,0.018915497000079995
10000,P3,Comp,0.018973467000023447
10000,P3,Comp,0.01888657300014529
10000,P3,Comp,0.01888735500006078
10000,P3,Comp,0.01904135400013729
10000,P3,Comp,0.019009684000138805
10000,P3,Gen,0.019332412000039767
10000,P3,Gen,0.019300120000025345
10000,P3,Gen,0.019455844000049183
10000,P3,Gen,0.019029532000104155
10000,P3,Gen,0.01927961100000175
10000,P3,Gen,0.019328042000097412
10000,P3,Gen,0.019282806999854074
10000,P3,Gen,0.01886016200000995
10000,P3,Gen,0.01893258799987052
10000,P3,Gen,0.019228013999963878
10000,P3,Gen,0.019166016999861313
10000,P3,Gen,0.01885365999987698
10000,P3,Gen,0.01888726300012422
10000,P3,Gen,0.018993081999951755
10000,P3,Gen,0.0189709200001289
10000,P3,Gen,0.019017507999933514
10000,P3,Gen,0.01899281200007863
10000,P3,Gen,0.01897896600007698
10000,P3,Gen,0.019027316999881805
10000,P3,Gen,0.019187677999980224
10000,P3,Gen,0.019031224000173097
10000,P3,Gen,0.019018520999907196
10000,P3,Gen,0.01918635499987431
10000,P3,Gen,0.019199459999981627
10000,P3,Gen,0.0191838910000115
10000,P3,Gen,0.019082871000136947
10000,P3,Gen,0.01912383800004136
10000,P3,Gen,0.01905606000013904
10000,P3,Gen,0.01917271999991499
10000,P3,Gen,0.01915461600015078
10000,P3,Gen,0.019148825000002034
10000,P3,Gen,0.019112325999913082
10000,P3,Gen,0.019256818000030762
10000,P3,Gen,0.019283819000065705
10000,P3,Gen,0.019134798999857594
10000,P3,Gen,0.019222332999788705
10000,P3,Gen,0.01917321099995206
10000,P3,Gen,0.019162400999903184
10000,P3,Gen,0.01912291600001481
10000,P3,Gen,0.019165836999945896
10000,P3,Gen,0.01923912500001279
10000,P3,Gen,0.019158443000151237
10000,P3,Gen,0.019009052999990672
10000,P3,Gen,0.019045441000116625
10000,P3,Gen,0.019157722000045396
10000,P3,Gen,0.01945727500014982
10000,P3,Gen,0.01911497099990811
10000,P3,Gen,0.019047234000026947
10000,P3,Gen,0.019275983999932578
10000,P3,Gen,0.019175273999962883
10000,P3,Numpy,0.0001508139998804836
10000,P3,Numpy,0.00011995500017292215
10000,P3,Numpy,0.00011889300003531389
10000,P3,Numpy,0.00012239099987709778
10000,P3,Numpy,0.00011887400000887283
10000,P3,Numpy,0.00011915400000361842
10000,P3,Numpy,0.0001188339999771415
10000,P3,Numpy,0.00012564700000439188
10000,P3,Numpy,0.00011877300016749359
10000,P3,Numpy,0.00011851299996123998
10000,P3,Numpy,0.00011845300014101667
10000,P3,Numpy,0.00011866299996654561
10000,P3,Numpy,0.00012086699985047744
10000,P3,Numpy,0.0001185629998872173
10000,P3,Numpy,0.00011853299997710565
10000,P3,Numpy,0.00012624699979824072
10000,P3,Numpy,0.00011901299990313419
10000,P3,Numpy,0.00011876300004587392
10000,P3,Numpy,0.00011876300004587392
10000,P3,Numpy,0.00011863299982906028
10000,P3,Numpy,0.00012435400003596442
10000,P3,Numpy,0.00011916400012523809
10000,P3,Numpy,0.00011953500006711693
10000,P3,Numpy,0.00011930400000892405
10000,P3,Numpy,0.0001279000000522501
10000,P3,Numpy,0.00011941399998249835
10000,P3,Numpy,0.00011939499995605729
10000,P3,Numpy,0.00011943399999836402
10000,P3,Numpy,0.00011968500007242255
10000,P3,Numpy,0.00011958499999309424
10000,P3,Numpy,0.00011939399996663269
10000,P3,Numpy,0.0001196149999032059
10000,P3,Numpy,0.00012396300007821992
10000,P3,Numpy,0.00011936500004594564
10000,P3,Numpy,0.00011968499984504888
10000,P3,Numpy,0.00011962500002482557
10000,P3,Numpy,0.00012130800018894661
10000,P3,Numpy,0.00011874300003000826
10000,P3,Numpy,0.00011858299990308296
10000,P3,Numpy,0.00011868299998241127
10000,P3,Numpy,0.00012369299997772032
10000,P3,Numpy,0.00011862299993481429
10000,P3,Numpy,0.0001187130001198966
10000,P3,Numpy,0.00011884400009876117
10000,P3,Numpy,0.00012019599989798735
10000,P3,Numpy,0.00012082700004611979
10000,P3,Numpy,0.00011860299991894863
10000,P3,Numpy,0.00011887400000887283
10000,P3,Numpy,0.00011876300004587392
10000,P3,Numpy,0.00012493500003074587
100000,P1,For,0.01042234700003064
100000,P1,For,0.010297361999846544
100000,P1,For,0.010478211999952691
100000,P1,For,0.010290970000141897
100000,P1,For,0.010339510999983759
100000,P1,For,0.01053412699980072
100000,P1,For,0.010338730000057694
100000,P1,For,0.01035331700018105
100000,P1,For,0.010386379000010493
100000,P1,For,0.010227890999885858
100000,P1,For,0.010454987999992227
100000,P1,For,0.010521963999963191
100000,P1,For,0.010168809000106194
100000,P1,For,0.010540919000050053
100000,P1,For,0.010318131000076392
100000,P1,For,0.010385896999878241
100000,P1,For,0.010389594000116631
100000,P1,For,0.010233320999986972
100000,P1,For,0.010510242000009384
100000,P1,For,0.010693585999888455
100000,P1,For,0.010254720999910205
100000,P1,For,0.010423387999935585
100000,P1,For,0.0102971300000263
100000,P1,For,0.010407768999812106
100000,P1,For,0.01047983400007979
100000,P1,For,0.01036523900006614
100000,P1,For,0.010611292000021422
100000,P1,For,0.010510461999956533
100000,P1,For,0.010216217999868604
100000,P1,For,0.010340531999872837
100000,P1,For,0.010151477000135856
100000,P1,For,0.010391107000032207
100000,P1,For,0.010278997000114032
100000,P1,For,0.010000192000006791
100000,P1,For,0.010200047999887829
100000,P1,For,0.0104497980000815
100000,P1,For,0.009954837000123007
100000,P1,For,0.010232258999849364
100000,P1,For,0.010020441000051505
100000,P1,For,0.010270840999965003
100000,P1,For,0.010530440000138697
100000,P1,For,0.009985074000042005
100000,P1,For,0.010330553000130749
100000,P1,For,0.010051348999922993
100000,P1,For,0.010148480999987441
100000,P1,For,0.010224765000202751
100000,P1,For,0.010042341999906057
100000,P1,For,0.0102664129999539
100000,P1,For,0.010032823000074131
100000,P1,For,0.01014028600002348
100000,P1,Comp,0.010109487999898192
100000,P1,Comp,0.009989562000100705
100000,P1,Comp,0.010212050999825806
100000,P1,Comp,0.010286010000072565
100000,P1,Comp,0.010031711000010546
100000,P1,Comp,0.010199918000125763
100000,P1,Comp,0.009935721000147169
100000,P1,Comp,0.010187414000029094
100000,P1,Comp,0.010462922999977309
100000,P1,Comp,0.010008837999976095
100000,P1,Comp,0.010271772999885798
100000,P1,Comp,0.009987489000195637
100000,P1,Comp,0.010427846999846224
100000,P1,Comp,0.010251194000147734
100000,P1,Comp,0.009912177000160227
100000,P1,Comp,0.010082297000053586
100000,P1,Comp,0.009857995999936975
100000,P1,Comp,0.010098998000103165
100000,P1,Comp,0.01000939899995501
100000,P1,Comp,0.009918269000081636
100000,P1,Comp,0.010097926000071311
100000,P1,Comp,0.009776652000027752
100000,P1,Comp,0.010070574999872406
100000,P1,Comp,0.01009218600006534
100000,P1,Comp,0.009861020000016651
100000,P1,Comp,0.010078810999857524
100000,P1,Comp,0.009617272000014054
100000,P1,Comp,0.009753839999802949
100000,P1,Comp,0.010009449000108361
100000,P1,Comp,0.009560846999875139
100000,P1,Comp,0.009908930999927179
100000,P1,Comp,0.009553883000080532
100000,P1,Comp,0.009806989000026078
100000,P1,Comp,0.010132862000091336
100000,P1,Comp,0.009591503999899942
100000,P1,Comp,0.01005808100012473
100000,P1,Comp,0.009733521000043766
100000,P1,Comp,0.010108646999924531
100000,P1,Comp,0.010473491999846374
100000,P1,Comp,0.009600802000022668
100000,P1,Comp,0.010075233999941702
100000,P1,Comp,0.009796689000040715
100000,P1,Comp,0.010600500999998985
100000,P1,Comp,0.010426093000205583
100000,P1,Comp,0.00978540799997063
100000,P1,Comp,0.010143892999849413
100000,P1,Comp,0.009975887000109651
100000,P1,Comp,0.010102083999981915
100000,P1,Comp,0.010258859000032317
100000,P1,Comp,0.009814573999847198
100000,P1,Gen,0.011327699000048597
100000,P1,Gen,0.011615690000098766
100000,P1,Gen,0.011227389999930892
100000,P1,Gen,0.011292382000192447
100000,P1,Gen,0.011368796000169823
100000,P1,Gen,0.011168940000061411
100000,P1,Gen,0.011301580000008471
100000,P1,Gen,0.011168989999987389
100000,P1,Gen,0.010986907000187784
100000,P1,Gen,0.011201400000118156
100000,P1,Gen,0.011145134000116741
100000,P1,Gen,0.011108254999953715
100000,P1,Gen,0.011284015999990515
100000,P1,Gen,0.011206810999965455
100000,P1,Gen,0.011067647999880137
100000,P1,Gen,0.011315954999872702
100000,P1,Gen,0.01128927499985366
100000,P1,Gen,0.010617432999879384
100000,P1,Gen,0.011253207999970982
100000,P1,Gen,0.011375518000022566
100000,P1,Gen,0.010929608999958873
100000,P1,Gen,0.011363534999873082
100000,P1,Gen,0.01147684800002935
100000,P1,Gen,0.010837275999847407
100000,P1,Gen,0.011361440999962724
100000,P1,Gen,0.011424179999949047
100000,P1,Gen,0.010879325000132667
100000,P1,Gen,0.0108789840001009
100000,P1,Gen,0.011196670999879643
100000,P1,Gen,0.011052209000126823
100000,P1,Gen,0.01101028099992618
100000,P1,Gen,0.01101487999994788
100000,P1,Gen,0.010927955999932237
100000,P1,Gen,0.011010481000084837
100000,P1,Gen,0.011104488000000856
100000,P1,Gen,0.010845050000170886
100000,P1,Gen,0.011216940000167597
100000,P1,Gen,0.011234281999804807
100000,P1,Gen,0.01085508000005575
100000,P1,Gen,0.011232839000058448
100000,P1,Gen,0.011405583999930968
100000,P1,Gen,0.010877411000137727
100000,P1,Gen,0.011270108999951844
100000,P1,Gen,0.011251564999838592
100000,P1,Gen,0.010955528000067716
100000,P1,Gen,0.011060927000016818
100000,P1,Gen,0.011164209999833474
100000,P1,Gen,0.011016292000022077
100000,P1,Gen,0.01114986399988993
100000,P1,Gen,0.011321265000105996
100000,P1,Numpy,0.0001198750001094595
100000,P1,Numpy,2.6390000130049884e-05
100000,P1,Numpy,2.0598999981302768e-05
100000,P1,Numpy,2.0399000050019822e-05
100000,P1,Numpy,2.0118000065849628e-05
100000,P1,Numpy,2.0248000055289594e-05
100000,P1,Numpy,2.0257999949535588e-05
100000,P1,Numpy,2.0368000150483567e-05
100000,P1,Numpy,2.0478999886108795e-05
100000,P1,Numpy,2.034799990724423e-05
100000,P1,Numpy,2.0128000187469297e-05
100000,P1,Numpy,2.0248000055289594e-05
100000,P1,Numpy,2.034899989666883e-05
100000,P1,Numpy,2.0407999954841216e-05
100000,P1,Numpy,2.006800013987231e-05
100000,P1,Numpy,3.28020000779361e-05
100000,P1,Numpy,2.5577999849701882e-05
100000,P1,Numpy,2.0248000055289594e-05
100000,P1,Numpy,2.0327999891378568e-05
100000,P1,Numpy,2.0297999981266912e-05
100000,P1,Numpy,2.0167999991826946e-05
100000,P1,Numpy,2.0237999933669926e-05
100000,P1,Numpy,2.0237999933669926e-05
100000,P1,Numpy,2.020800002355827e-05
100000,P1,Numpy,2.0198000129312277e-05
100000,P1,Numpy,2.0359000018288498e-05
100000,P1,Numpy,2.0427999970706878e-05
100000,P1,Numpy,2.0268000071155257e-05
100000,P1,Numpy,2.0399000050019822e-05
100000,P1,Numpy,2.0317999997132574e-05
100000,P1,Numpy,2.0098000049983966e-05
100000,P1,Numpy,2.0258000176909263e-05
100000,P1,Numpy,2.0349000124042504e-05
100000,P1,Numpy,2.0087999928364297e-05
100000,P1,Numpy,2.0237999933669926e-05
100000,P1,Numpy,2.013800008171529e-05
100000,P1,Numpy,2.0126999970671022e-05
100000,P1,Numpy,2.0237999933669926e-05
100000,P1,Numpy,2.0147999975961284e-05
100000,P1,Numpy,2.01979999019386e-05
100000,P1,Numpy,2.03580000288639e-05
100000,P1,Numpy,2.0058000018252642e-05
100000,P1,Numpy,2.051899991784012e-05
100000,P1,Numpy,2.0227999812050257e-05
100000,P1,Numpy,2.024799982791592e-05
100000,P1,Numpy,2.0349000124042504e-05
100000,P1,Numpy,2.0167999991826946e-05
100000,P1,Numpy,2.01979999019386e-05
100000,P1,Numpy,1.6972000139503507e-05
100000,P1,Numpy,1.665100012360199e-05
100000,P2,For,0.07488707900006375
100000,P2,For,0.07535356600010346
100000,P2,For,0.07428147999985413
100000,P2,For,0.07407619399987198
100000,P2,For,0.07371275099990271
100000,P2,For,0.07366193500001827
100000,P2,For,0.07356831900006
100000,P2,For,0.07582694100005938
100000,P2,For,0.0742461090001143
100000,P2,For,0.07567333300016799
100000,P2,For,0.07506466800009548
100000,P2,For,0.07503964100010307
100000,P2,For,0.07491657900004611
100000,P2,For,0.07527670599984049
100000,P2,For,0.07463392799991198
100000,P2,For,0.07532612899990454
100000,P2,For,0.0748216910001247
100000,P2,For,0.07510778899995785
100000,P2,For,0.07456924600001003
100000,P2,For,0.07471192499997414
100000,P2,For,0.07331707900016227
100000,P2,For,0.07329858299999614
100000,P2,For,0.07415637600001901
100000,P2,For,0.07425554200017359
100000,P2,For,0.07491546299979746
100000,P2,For,0.07429990499986161
100000,P2,For,0.07384183400017719
100000,P2,For,0.0737368370000695
100000,P2,For,0.07361873399986507
100000,P2,For,0.07297432299992579
100000,P2,For,0.07362892400010423
100000,P2,For,0.07384647300000324
100000,P2,For,0.07284952899999553
100000,P2,For,0.07403958600002625
100000,P2,For,0.07348446800006059
100000,P2,For,0.07293142800017449
100000,P2,For,0.07336945199995171
100000,P2,For,0.07361175699998057
100000,P2,For,0.07347242500009088
100000,P2,For,0.07347895699990659
100000,P2,For,0.07370300900015536
100000,P2,For,0.07315109099999972
100000,P2,For,0.07357402599996021
100000,P2,For,0.07372158400016815
100000,P2,For,0.07346634400005314
100000,P2,For,0.0741316139999526
100000,P2,For,0.07352258900004927
100000,P2,For,0.07289012800015371
100000,P2,For,0.07384746500019901
100000,P2,For,0.07373886200002744
100000,P2,Comp,0.08689824899988707
100000,P2,Comp,0.0875651729998026
100000,P2,Comp,0.08677792299999965
100000,P2,Comp,0.08691909899994243
100000,P2,Comp,0.08655583599988859
100000,P2,Comp,0.0873333869999442
100000,P2,Comp,0.08669716200006405
100000,P2,Comp,0.08743831500009946
100000,P2,Comp,0.08418862600001376
100000,P2,Comp,0.08825126000010641
100000,P2,Comp,0.08530012999995051
100000,P2,Comp,0.0854314670000349
100000,P2,Comp,0.0850416639998457
100000,P2,Comp,0.08582620000015595
100000,P2,Comp,0.0846316540000771
100000,P2,Comp,0.08524606900004983
100000,P2,Comp,0.08533448499997576
100000,P2,Comp,0.08523900499994852
100000,P2,Comp,0.08503751699981876
100000,P2,Comp,0.08558390400003191
100000,P2,Comp,0.08500608699978329
100000,P2,Comp,0.08535375599990402
100000,P2,Comp,0.08524464099991746
100000,P2,Comp,0.08595713900012925
100000,P2,Comp,0.0878488760001801
100000,P2,Comp,0.08757381899999928
100000,P2,Comp,0.08753820200013251
100000,P2,Comp,0.0875910310001018
100000,P2,Comp,0.08873882900002172
100000,P2,Comp,0.08813888100007716
100000,P2,Comp,0.08595492599988575
100000,P2,Comp,0.08581736700011788
100000,P2,Comp,0.08605193599987615
100000,P2,Comp,0.0861884389998977
100000,P2,Comp,0.0863211890000457
100000,P2,Comp,0.0859714210000675
100000,P2,Comp,0.08587156399994456
100000,P2,Comp,0.08612247499991099
100000,P2,Comp,0.08590391500001715
100000,P2,Comp,0.08628402900012588
100000,P2,Comp,0.08671007899988581
100000,P2,Comp,0.08661121399995864
100000,P2,Comp,0.08906173099990156
100000,P2,Comp,0.08765969499995663
100000,P2,Comp,0.08619357499992475
100000,P2,Comp,0.0872048139999606
100000,P2,Comp,0.08871099599991794
100000,P2,Comp,0.08716968799990354
100000,P2,Comp,0.08577686099988568
100000,P2,Comp,0.08581791699998575
100000,P2,Gen,0.08751849400005085
100000,P2,Gen,0.08737270000005992
100000,P2,Gen,0.08745513400003802
100000,P2,Gen,0.08758627100019112
100000,P2,Gen,0.08750085099995886
100000,P2,Gen,0.08635185000002821
100000,P2,Gen,0.08705224200002704
100000,P2,Gen,0.08818274700001894
100000,P2,Gen,0.0883100859998649
100000,P2,Gen,0.08774300999994011
100000,P2,Gen,0.08743670500007283
100000,P2,Gen,0.08772853400000713
100000,P2,Gen,0.08792382000001453
100000,P2,Gen,0.08809108500008733
100000,P2,Gen,0.08858192699995016
100000,P2,Gen,0.08984883899984197
100000,P2,Gen,0.08835543199984386
100000,P2,Gen,0.0890026829999897
100000,P2,Gen,0.0885889749999933
100000,P2,Gen,0.08973739300017769
100000,P2,Gen,0.08870257900002798
100000,P2,Gen,0.08875648999992336
100000,P2,Gen,0.08926656900007401
100000,P2,Gen,0.08961640600000464
100000,P2,Gen,0.08977426299998115
100000,P2,Gen,0.08915256399995997
100000,P2,Gen,0.08949353599996357
100000,P2,Gen,0.08760302200016667
100000,P2,Gen,0.09087546799992197
100000,P2,Gen,0.0898631249999653
100000,P2,Gen,0.0887948670001606
100000,P2,Gen,0.08881691800002045
100000,P2,Gen,0.08846802200014281
100000,P2,Gen,0.08988593699996272
100000,P2,Gen,0.08870780300003389
100000,P2,Gen,0.08911520899982861
100000,P2,Gen,0.08678624100002708
100000,P2,Gen,0.0889760769998702
100000,P2,Gen,0.08897836100004497
100000,P2,Gen,0.08920876199999839
100000,P2,Gen,0.09004927899991344
100000,P2,Gen,0.08932228300000133
100000,P2,Gen,0.08879115399986404
100000,P2,Gen,0.08869461300014336
100000,P2,Gen,0.0882082979999268
100000,P2,Gen,0.08761385099978725
100000,P2,Gen,0.09002109499988364
100000,P2,Gen,0.08883020799999031
100000,P2,Gen,0.08892325299984805
100000,P2,Gen,0.0896900039999764
100000,P2,Numpy,0.00015554299989162246
100000,P2,Numpy,6.132499993327656e-05
100000,P2,Numpy,5.996300001243071e-05
100000,P2,Numpy,7.325800015678396e-05
100000,P2,Numpy,5.996300001243071e-05
100000,P2,Numpy,5.94719999753579e-05
100000,P2,Numpy,5.961199985904386e-05
100000,P2,Numpy,5.9391999911895255e-05
100000,P2,Numpy,5.954199991720088e-05
100000,P2,Numpy,5.957199982731254e-05
100000,P2,Numpy,5.967199990664085e-05
100000,P2,Numpy,6.287800010795763e-05
100000,P2,Numpy,5.9572000054686214e-05
100000,P2,Numpy,5.250900017017557e-05
100000,P2,Numpy,5.2527999969242956e-05
100000,P2,Numpy,5.239899996922759e-05
100000,P2,Numpy,5.248799993751163e-05
100000,P2,Numpy,5.2458000027399976e-05
100000,P2,Numpy,5.240899986347358e-05
100000,P2,Numpy,5.241799999566865e-05
100000,P2,Numpy,5.804900001749047e-05
100000,P2,Numpy,5.2688999858219177e-05
100000,P2,Numpy,5.226899997978762e-05
100000,P2,Numpy,5.2938999942853115e-05
100000,P2,Numpy,5.254900020190689e-05
100000,P2,Numpy,5.236900005911593e-05
100000,P2,Numpy,5.241799999566865e-05
100000,P2,Numpy,5.2458000027399976e-05
100000,P2,Numpy,5.243900000095891e-05
100000,P2,Numpy,5.244799990578031e-05
100000,P2,Numpy,5.267899996397318e-05
100000,P2,Numpy,5.24980000591313e-05
100000,P2,Numpy,5.253899985291355e-05
100000,P2,Numpy,5.241899998509325e-05
100000,P2,Numpy,5.2438000011534314e-05
100000,P2,Numpy,5.2389000074981595e-05
100000,P2,Numpy,5.236799984231766e-05
100000,P2,Numpy,5.2428999879339244e-05
100000,P2,Numpy,5.2528999958667555e-05
100000,P2,Numpy,6.0133000033602e-05
100000,P2,Numpy,5.2428999879339244e-05
100000,P2,Numpy,5.243900000095891e-05
100000,P2,Numpy,5.241799999566865e-05
100000,P2,Numpy,5.234800005382567e-05
100000,P2,Numpy,5.238799985818332e-05
100000,P2,Numpy,5.229899988989928e-05
100000,P2,Numpy,5.24980000591313e-05
100000,P2,Numpy,5.236899983174226e-05
100000,P2,Numpy,5.244799990578031e-05
100000,P2,Numpy,5.241799999566865e-05
100000,P3,For,0.10109200000010787
100000,P3,For,0.09944145400004345
100000,P3,For,0.09911979999992582
100000,P3,For,0.09856186100000741
100000,P3,For,0.09859748799999579
100000,P3,For,0.09919194600001902
100000,P3,For,0.09877383000002737
100000,P3,For,0.09878634300002886
100000,P3,For,0.09784519499999078
100000,P3,For,0.10132393200001388
100000,P3,For,0.10173735700004727
100000,P3,For,0.10045854999998483
100000,P3,For,0.10141288299996631
100000,P3,For,0.10079762700001993
100000,P3,For,0.10077505499998551
100000,P3,For,0.10143652700003258
100000,P3,For,0.10136215800002901
100000,P3,For,0.10095731699993848
100000,P3,For,0.1012855540000146
100000,P3,For,0.10073020000004362
100000,P3,For,0.10049107800000456
100000,P3,For,0.10059018100014328
100000,P3,For,0.10010449900005369
100000,P3,For,0.09991075500010993
100000,P3,For,0.1008871490000729
100000,P3,For,0.10077418700007001
100000,P3,For,0.10079012699998202
100000,P3,For,0.10376527700009319
100000,P3,For,0.10148501200001192
100000,P3,For,0.10078337400000237
100000,P3,For,0.09983171299995774
100000,P3,For,0.10066073799998776
100000,P3,For,0.10226344900002005
100000,P3,For,0.10046144300008564
100000,P3,For,0.10027618499998425
100000,P3,For,0.10054317699996318
100000,P3,For,0.10055484899999101
100000,P3,For,0.10156387400002131
100000,P3,For,0.1017801809998673
100000,P3,For,0.10058179900011055
100000,P3,For,0.10011433700015004
100000,P3,For,0.1005618950000553
100000,P3,For,0.10199056999999812
100000,P3,For,0.10095795999995971
100000,P3,For,0.10226176000014675
100000,P3,For,0.10104294999996455
100000,P3,For,0.10093151000000944
100000,P3,For,0.10158530899980178
100000,P3,For,0.10110878300019976
100000,P3,For,0.1003458000000137
100000,P3,Comp,0.19177649699986432
100000,P3,Comp,0.19145629300010114
100000,P3,Comp,0.19075222099991151
100000,P3,Comp,0.18982993800000258
100000,P3,Comp,0.19015632099990398
100000,P3,Comp,0.18782031499995355
100000,P3,Comp,0.1885635660000844
100000,P3,Comp,0.18839145400011148
100000,P3,Comp,0.1872094029999971
100000,P3,Comp,0.18854663399997662
100000,P3,Comp,0.19110498899999584
100000,P3,Comp,0.19172550700000102
100000,P3,Comp,0.19163100900004792
100000,P3,Comp,0.19274745699999585
100000,P3,Comp,0.18882702999985668
100000,P3,Comp,0.19111901599990233
100000,P3,Comp,0.19163785000000644
100000,P3,Comp,0.19214330999989215
100000,P3,Comp,0.195868960000098
100000,P3,Comp,0.19304419199988843
100000,P3,Comp,0.19388440099987747
100000,P3,Comp,0.1915382929998941
100000,P3,Comp,0.1901173319999998
100000,P3,Comp,0.18983716499997172
100000,P3,Comp,0.19287648499994248
100000,P3,Comp,0.19343289099992944
100000,P3,Comp,0.19308211400016262
100000,P3,Comp,0.19197878799991486
100000,P3,Comp,0.19404256500001793
100000,P3,Comp,0.19474448400001165
100000,P3,Comp,0.1934183020000546
100000,P3,Comp,0.1902716849999706
100000,P3,Comp,0.19175591699990946
100000,P3,Comp,0.19257713000001786
100000,P3,Comp,0.19549802800020188
100000,P3,Comp,0.19295631299996785
100000,P3,Comp,0.1928597470000568
100000,P3,Comp,0.19357666600012635
100000,P3,Comp,0.19234318900021208
100000,P3,Comp,0.1936400650001815
100000,P3,Comp,0.19361644200012051
100000,P3,Comp,0.19147736099989743
100000,P3,Comp,0.19311627999991288
100000,P3,Comp,0.19114339399993696
100000,P3,Comp,0.19317642299984072
100000,P3,Comp,0.19542733100001897
100000,P3,Comp,0.1936750200000006
100000,P3,Comp,0.18860279099999389
100000,P3,Comp,0.19046549900008358
100000,P3,Comp,0.19324158400013403
100000,P3,Gen,0.19528873000012936
100000,P3,Gen,0.19352956500006258
100000,P3,Gen,0.19299112499993498
100000,P3,Gen,0.19183330700002443
100000,P3,Gen,0.19198381000001064
100000,P3,Gen,0.19125576199985517
100000,P3,Gen,0.1921283609999591
100000,P3,Gen,0.19364970299989182
100000,P3,Gen,0.19247934899999564
100000,P3,Gen,0.19128308199992716
100000,P3,Gen,0.19168541799990635
100000,P3,Gen,0.19196680599998217
100000,P3,Gen,0.19352168299997174
100000,P3,Gen,0.19398263100015356
100000,P3,Gen,0.19410775599999397
100000,P3,Gen,0.19354652199990596
100000,P3,Gen,0.19397027800005162
100000,P3,Gen,0.19229971799995838
100000,P3,Gen,0.19188306599994576
100000,P3,Gen,0.1926829080000516
100000,P3,Gen,0.19148631100006241
100000,P3,Gen,0.19153132499991443
100000,P3,Gen,0.19209518499997102
100000,P3,Gen,0.19141004699986297
100000,P3,Gen,0.19285692400012522
100000,P3,Gen,0.19356358099980753
100000,P3,Gen,0.19629399900009048
100000,P3,Gen,0.19106708200001776
100000,P3,Gen,0.1919242530000247
100000,P3,Gen,0.19279528700008086
100000,P3,Gen,0.19353311299983034
100000,P3,Gen,0.19097594999993817
100000,P3,Gen,0.196436045000155
100000,P3,Gen,0.19522563500004253
100000,P3,Gen,0.19180396399997335
100000,P3,Gen,0.19194781400005922
100000,P3,Gen,0.19276976700007253
100000,P3,Gen,0.19295297200005734
100000,P3,Gen,0.19505821099983223
100000,P3,Gen,0.19720608800002992
100000,P3,Gen,0.19474013699982606
100000,P3,Gen,0.19457079900007557
100000,P3,Gen,0.1937141700000211
100000,P3,Gen,0.19444869599988124
100000,P3,Gen,0.19330325700002504
100000,P3,Gen,0.19242060999999921
100000,P3,Gen,0.19369314999994458
100000,P3,Gen,0.19384250999996766
100000,P3,Gen,0.19411326599993117
100000,P3,Gen,0.1949056749999727
100000,P3,Numpy,0.0012118159997953626
100000,P3,Numpy,0.0010785459999169689
100000,P3,Numpy,0.0010849970001345355
100000,P3,Numpy,0.0010858890000235988
100000,P3,Numpy,0.0010778840000966738
100000,P3,Numpy,0.0010783449999962613
100000,P3,Numpy,0.0010863100001188286
100000,P3,Numpy,0.001077203000022564
100000,P3,Numpy,0.0011215660001653305
100000,P3,Numpy,0.0011945530000048166
100000,P3,Numpy,0.0013364490000640217
100000,P3,Numpy,0.0016389679999520013
100000,P3,Numpy,0.0011380569999346335
100000,P3,Numpy,0.001086230000055366
100000,P3,Numpy,0.001086290000102963
100000,P3,Numpy,0.0010796579999805545
100000,P3,Numpy,0.001087692999817591
100000,P3,Numpy,0.0010840259999440605
100000,P3,Numpy,0.0010817410000072414
100000,P3,Numpy,0.0010895460000028834
100000,P3,Numpy,0.0011013079999884212
100000,P3,Numpy,0.001089566000018749
100000,P3,Numpy,0.001095547000204533
100000,P3,Numpy,0.0011418450001201563
100000,P3,Numpy,0.001276938000046357
100000,P3,Numpy,0.0013891090000015538
100000,P3,Numpy,0.0011716100000285223
100000,P3,Numpy,0.001104394000094544
100000,P3,Numpy,0.0010843559998647834
100000,P3,Numpy,0.0010844170001291786
100000,P3,Numpy,0.0010789359998852888
100000,P3,Numpy,0.0010833349999757047
100000,P3,Numpy,0.001082482999890999
100000,P3,Numpy,0.0010829640000338259
100000,P3,Numpy,0.0010870709998016537
100000,P3,Numpy,0.0010919310000190308
100000,P3,Numpy,0.0010863499999231863
100000,P3,Numpy,0.0010872220000237576
100000,P3,Numpy,0.0013185659997816401
100000,P3,Numpy,0.0015060880000419274
100000,P3,Numpy,0.0012305210000249645
100000,P3,Numpy,0.0012870170000951475
100000,P3,Numpy,0.0011153440000271075
100000,P3,Numpy,0.0010794269999223616
100000,P3,Numpy,0.0010773940000490256
100000,P3,Numpy,0.0010808500001076027
100000,P3,Numpy,0.0010982720000356494
100000,P3,Numpy,0.0010876430001189874
100000,P3,Numpy,0.0010877530000925617
100000,P3,Numpy,0.0010843269999440963
1000000,P1,For,0.11298825100016074
1000000,P1,For,0.10663146399997459
1000000,P1,For,0.10640287499995793
1000000,P1,For,0.10482096499981708
1000000,P1,For,0.10580278800011911
1000000,P1,For,0.10624806400005582
1000000,P1,For,0.10525995700004387
1000000,P1,For,0.10803427199994076
1000000,P1,For,0.10465623799996138
1000000,P1,For,0.10408849299983558
1000000,P1,For,0.10522412500017708
1000000,P1,For,0.106991182999991
1000000,P1,For,0.10447898600000372
1000000,P1,For,0.1053260369999407
1000000,P1,For,0.10580611799991857
1000000,P1,For,0.10527863700008311
1000000,P1,For,0.1055490710000413
1000000,P1,For,0.10667965199991158
1000000,P1,For,0.10535842100011905
1000000,P1,For,0.10562089399991237
1000000,P1,For,0.10524991700003739
1000000,P1,For,0.10580523999988145
1000000,P1,For,0.10589309500005584
1000000,P1,For,0.104860176000102
1000000,P1,For,0.1061431350001385
1000000,P1,For,0.10578980900004353
1000000,P1,For,0.1053259140001046
1000000,P1,For,0.10486811399982798
1000000,P1,For,0.10627795200002765
1000000,P1,For,0.10638810899990858
1000000,P1,For,0.10651415500001349
1000000,P1,For,0.10454361500001141
1000000,P1,For,0.1046581900000092
1000000,P1,For,0.10342933300012191
1000000,P1,For,0.10585835400001997
1000000,P1,For,0.10424651199991786
1000000,P1,For,0.10276024099994174
1000000,P1,For,0.1030807019999429
1000000,P1,For,0.10349308700006077
1000000,P1,For,0.10390476900010981
1000000,P1,For,0.10374065100018015
1000000,P1,For,0.10226280699998824
1000000,P1,For,0.10312956400002804
1000000,P1,For,0.10253507800007355
1000000,P1,For,0.10401106799986337
1000000,P1,For,0.1037378500000159
1000000,P1,For,0.10310477200005153
1000000,P1,For,0.10414606700010154
1000000,P1,For,0.10507378800002698
1000000,P1,For,0.10578538499999013
1000000,P1,Comp,0.10403095999981815
1000000,P1,Comp,0.1060515750000377
1000000,P1,Comp,0.10511093800005256
1000000,P1,Comp,0.1035080989997823
1000000,P1,Comp,0.10299827800008643
1000000,P1,Comp,0.10640059399997881
1000000,P1,Comp,0.10444923999989442
1000000,P1,Comp,0.10310888300000443
1000000,P1,Comp,0.10325218199977826
1000000,P1,Comp,0.10408061699990867
1000000,P1,Comp,0.10414902599995912
1000000,P1,Comp,0.10322957900007168
1000000,P1,Comp,0.1033939389999432
1000000,P1,Comp,0.10441939399993316
1000000,P1,Comp,0.1047038919998613
1000000,P1,Comp,0.10417615100004696
1000000,P1,Comp,0.1036837460001152
1000000,P1,Comp,0.10459197099999074
1000000,P1,Comp,0.10447467099993446
1000000,P1,Comp,0.10397763900004975
1000000,P1,Comp,0.10403136900004029
1000000,P1,Comp,0.10471253800005798
1000000,P1,Comp,0.10440036199997849
1000000,P1,Comp,0.10391592999985733
1000000,P1,Comp,0.1035948430001099
1000000,P1,Comp,0.1045422330000747
1000000,P1,Comp,0.10339846499982741
1000000,P1,Comp,0.10303438099981577
1000000,P1,Comp,0.10226177100003042
1000000,P1,Comp,0.10216568100008772
1000000,P1,Comp,0.10255606399982753
1000000,P1,Comp,0.10275787199998376
1000000,P1,Comp,0.10258706099989467
1000000,P1,Comp,0.10206231200004368
1000000,P1,Comp,0.10186381800008348
1000000,P1,Comp,0.10142156799997792
1000000,P1,Comp,0.1015923479999401
1000000,P1,Comp,0.10152001300002667
1000000,P1,Comp,0.10169830700010607
1000000,P1,Comp,0.10295391499994366
1000000,P1,Comp,0.10294706199988468
1000000,P1,Comp,0.10298932099999547
1000000,P1,Comp,0.10211622199994963
1000000,P1,Comp,0.10148517200013885
1000000,P1,Comp,0.10160268200002065
1000000,P1,Comp,0.10154448200000843
1000000,P1,Comp,0.10239263500011475
1000000,P1,Comp,0.10251764999998159
1000000,P1,Comp,0.10285888999987947
1000000,P1,Comp,0.10275992399988354
1000000,P1,Gen,0.11646840999992492
1000000,P1,Gen,0.11681877799992435
1000000,P1,Gen,0.11469655100017917
1000000,P1,Gen,0.11381786700007979
1000000,P1,Gen,0.11449272499999097
1000000,P1,Gen,0.11279848399999537
1000000,P1,Gen,0.1149288730000535
1000000,P1,Gen,0.1158835150001778
1000000,P1,Gen,0.11424258500005635
1000000,P1,Gen,0.11402386500003558
1000000,P1,Gen,0.11423582199995508
1000000,P1,Gen,0.11735505299998295
1000000,P1,Gen,0.12181873000008636
1000000,P1,Gen,0.11642798100001528
1000000,P1,Gen,0.1160387699999319
1000000,P1,Gen,0.11480513500009693
1000000,P1,Gen,0.11324819200012826
1000000,P1,Gen,0.1119985559998895
1000000,P1,Gen,0.11046709099991858
1000000,P1,Gen,0.11314299400009986
1000000,P1,Gen,0.11188582800014046
1000000,P1,Gen,0.11121783399994456
1000000,P1,Gen,0.1134969220001949
1000000,P1,Gen,0.1141202119999889
1000000,P1,Gen,0.11399830300001668
1000000,P1,Gen,0.11429559100020015
1000000,P1,Gen,0.11516650599992317
1000000,P1,Gen,0.11425980400008484
1000000,P1,Gen,0.11314391800010526
1000000,P1,Gen,0.11206630999981826
1000000,P1,Gen,0.1150739560000602
1000000,P1,Gen,0.11481725399994502
1000000,P1,Gen,0.11436498499983827
1000000,P1,Gen,0.1126511479999408
1000000,P1,Gen,0.11446565400001418
1000000,P1,Gen,0.11437137699999766
1000000,P1,Gen,0.11405523400003403
1000000,P1,Gen,0.11517590399989786
1000000,P1,Gen,0.11449228699984815
1000000,P1,Gen,0.11410586199986028
1000000,P1,Gen,0.11514341999986755
1000000,P1,Gen,0.11369409899998573
1000000,P1,Gen,0.11278400099990904
1000000,P1,Gen,0.11399880099997972
1000000,P1,Gen,0.1150208690000909
1000000,P1,Gen,0.11457546300016475
1000000,P1,Gen,0.11158096799999839
1000000,P1,Gen,0.1111571209999056
1000000,P1,Gen,0.11200628500000676
1000000,P1,Gen,0.11190961299985247
1000000,P1,Numpy,0.0012593040000865585
1000000,P1,Numpy,0.0012815760001103627
1000000,P1,Numpy,0.0013116620000346302
1000000,P1,Numpy,0.00126125800011323
1000000,P1,Numpy,0.0012131770001815312
1000000,P1,Numpy,0.0012178360000234534
1000000,P1,Numpy,0.0012178859999494307
1000000,P1,Numpy,0.0012388049999572104
1000000,P1,Numpy,0.0012144899999384506
1000000,P1,Numpy,0.0012933179998526612
1000000,P1,Numpy,0.0029522009999709553
1000000,P1,Numpy,0.001301432999980534
1000000,P1,Numpy,0.0012313219999668945
1000000,P1,Numpy,0.0012186369999653834
1000000,P1,Numpy,0.0012286160001622193
1000000,P1,Numpy,0.0013192660001095646
1000000,P1,Numpy,0.0012193889999707608
1000000,P1,Numpy,0.0012243880000823992
1000000,P1,Numpy,0.0012162630000602803
1000000,P1,Numpy,0.0012182469999970635
1000000,P1,Numpy,0.001255577000165431
1000000,P1,Numpy,0.0013127839999924618
1000000,P1,Numpy,0.0023671530000228813
1000000,P1,Numpy,0.00172261299985621
1000000,P1,Numpy,0.0012229349999870465
1000000,P1,Numpy,0.0013571469999078545
1000000,P1,Numpy,0.0013015330000598624
1000000,P1,Numpy,0.0012645740000607475
1000000,P1,Numpy,0.0012321330000304442
1000000,P1,Numpy,0.0012305099999139202
1000000,P1,Numpy,0.0012722379999559053
1000000,P1,Numpy,0.001219498999944335
1000000,P1,Numpy,0.0012730989999454323
1000000,P1,Numpy,0.0013086169999496633
1000000,P1,Numpy,0.0022491209999770945
1000000,P1,Numpy,0.00182034699992073
1000000,P1,Numpy,0.001222103999907631
1000000,P1,Numpy,0.0012177559999599907
1000000,P1,Numpy,0.0012642030001188687
1000000,P1,Numpy,0.0012298379999720055
1000000,P1,Numpy,0.001265946000103213
1000000,P1,Numpy,0.0012195899998914683
1000000,P1,Numpy,0.0012376629999835131
1000000,P1,Numpy,0.0012820960000681225
1000000,P1,Numpy,0.0012731990000247606
1000000,P1,Numpy,0.0013805209998736245
1000000,P1,Numpy,0.002784877000067354
1000000,P1,Numpy,0.0012294480000036856
1000000,P1,Numpy,0.001218957999981285
1000000,P1,Numpy,0.0012256309998974757
1000000,P2,For,0.7404469089999566
1000000,P2,For,0.7435833869999442
1000000,P2,For,0.7360989090000203
1000000,P2,For,0.7374595960000079
1000000,P2,For,0.7438942559999759
1000000,P2,For,0.7362434659999053
1000000,P2,For,0.739917744999957
1000000,P2,For,0.7431305969998903
1000000,P2,For,0.7368289539999751
1000000,P2,For,0.7380087249998724
1000000,P2,For,0.7442332119999264
1000000,P2,For,0.7383740190000481
1000000,P2,For,0.7371637820001524
1000000,P2,For,0.7351987699998972
1000000,P2,For,0.7360834880000766
1000000,P2,For,0.7386229969999931
1000000,P2,For,0.7365777019999769
1000000,P2,For,0.7415599429998565
1000000,P2,For,0.7430567520000295
1000000,P2,For,0.7517172240000036
1000000,P2,For,0.7482505219998075
1000000,P2,For,0.7469931740001812
1000000,P2,For,0.7474084339999081
1000000,P2,For,0.7491420500000459
1000000,P2,For,0.7380672459999005
1000000,P2,For,0.7488552350000646
1000000,P2,For,0.7445020210000166
1000000,P2,For,0.7425612740000815
1000000,P2,For,0.7443933039999138
1000000,P2,For,0.7474860540000918
1000000,P2,For,0.7388416829999187
1000000,P2,For,0.7466062709997914
1000000,P2,For,0.7460036429999946
1000000,P2,For,0.7409698629999184
1000000,P2,For,0.7548684450000565
1000000,P2,For,0.7437766049999937
1000000,P2,For,0.7435745469999802
1000000,P2,For,0.7429350600000362
1000000,P2,For,0.7489084870001079
1000000,P2,For,0.7418838959999903
1000000,P2,For,0.7440323860000717
1000000,P2,For,0.7376302239999859
1000000,P2,For,0.7407032920000347
1000000,P2,For,0.7439763940001285
1000000,P2,For,0.7452010790000259
1000000,P2,For,0.7424585419998948
1000000,P2,For,0.750426847999961
1000000,P2,For,0.7663462210000489
1000000,P2,For,0.7522807660000126
1000000,P2,For,0.7403781430000436
1000000,P2,Comp,0.8607583820000855
1000000,P2,Comp,0.8692451659999278
1000000,P2,Comp,0.8712747719998788
1000000,P2,Comp,0.8702031840000473
1000000,P2,Comp,0.8838753769998675
1000000,P2,Comp,0.8725806479999392
1000000,P2,Comp,0.8698782110000138
1000000,P2,Comp,0.8785897039999782
1000000,P2,Comp,0.8808455840000988
1000000,P2,Comp,0.8584358169998723
1000000,P2,Comp,0.8678002530000413
1000000,P2,Comp,0.8656358979999368
1000000,P2,Comp,0.8644391459999952
1000000,P2,Comp,0.8714759419999609
1000000,P2,Comp,0.8672939559999122
1000000,P2,Comp,0.8670009490001576
1000000,P2,Comp,0.8684700650001105
1000000,P2,Comp,0.8650059349999992
1000000,P2,Comp,0.8686097520001113
1000000,P2,Comp,0.8728306450000218
1000000,P2,Comp,0.87880873600011
1000000,P2,Comp,0.8697095830000308
1000000,P2,Comp,0.8686355830000139
1000000,P2,Comp,0.8809036549998837
1000000,P2,Comp,0.8674893499999143
1000000,P2,Comp,0.8744486840000718
1000000,P2,Comp,0.8825331739999456
1000000,P2,Comp,0.8659182350002084
1000000,P2,Comp,0.8650567290001163
1000000,P2,Comp,0.8814553259999229
1000000,P2,Comp,0.8699396219999471
1000000,P2,Comp,0.8696048880001399
1000000,P2,Comp,0.8694728539999232
1000000,P2,Comp,0.8689467610001884
1000000,P2,Comp,0.8773331159995905
1000000,P2,Comp,0.8671831029996611
1000000,P2,Comp,0.8743887399996311
1000000,P2,Comp,0.8737509779998618
1000000,P2,Comp,0.8692210049998721
1000000,P2,Comp,0.8689518640003371
1000000,P2,Comp,0.8701200470000003
1000000,P2,Comp,0.8823211039998569
1000000,P2,Comp,0.8821462390001216
1000000,P2,Comp,0.8760677569998734
1000000,P2,Comp,0.8630303049999384
1000000,P2,Comp,0.8672291650000261
1000000,P2,Comp,0.8748232310003914
1000000,P2,Comp,0.8791971760001616
1000000,P2,Comp,0.8652939920002609
1000000,P2,Comp,0.8633307300001434
1000000,P2,Gen,0.8862846009997156
1000000,P2,Gen,0.891351883000425
1000000,P2,Gen,0.902527898000244
1000000,P2,Gen,0.9076246439999522
1000000,P2,Gen,0.9017710839998472
1000000,P2,Gen,0.8946165689999361
1000000,P2,Gen,0.8970929279998927
1000000,P2,Gen,0.9015526910002336
1000000,P2,Gen,0.9010836540001037
1000000,P2,Gen,0.9046574670001064
1000000,P2,Gen,0.9025125339999249
1000000,P2,Gen,0.9040732280000157
1000000,P2,Gen,0.8980541259998063
1000000,P2,Gen,0.8939982140000211
1000000,P2,Gen,0.8994600529999843
1000000,P2,Gen,0.900830059999862
1000000,P2,Gen,0.911440895999931
1000000,P2,Gen,0.9073917380001149
1000000,P2,Gen,0.9168954300002952
1000000,P2,Gen,0.902517816999989
1000000,P2,Gen,0.9015940710000905
1000000,P2,Gen,0.9027595049997217
1000000,P2,Gen,0.9055256130000089
1000000,P2,Gen,0.9213885240001218
1000000,P2,Gen,0.9002033729998402
1000000,P2,Gen,0.9196061820002797
1000000,P2,Gen,0.905663277000258
1000000,P2,Gen,0.9075225289998343
1000000,P2,Gen,0.9098973169998317
1000000,P2,Gen,0.9026895400002104
1000000,P2,Gen,0.8946678910001538
1000000,P2,Gen,0.8979460800001107
1000000,P2,Gen,0.8915985550002006
1000000,P2,Gen,0.8970742619999328
1000000,P2,Gen,0.9029346620000069
1000000,P2,Gen,0.899325301999852
1000000,P2,Gen,0.8993550410000353
1000000,P2,Gen,0.8937021370002185
1000000,P2,Gen,0.908870694000143
1000000,P2,Gen,0.9065739299999223
1000000,P2,Gen,0.8914278540000851
1000000,P2,Gen,0.9067966640000122
1000000,P2,Gen,0.9214211989997239
1000000,P2,Gen,0.9000006229998689
1000000,P2,Gen,0.9037204250003015
1000000,P2,Gen,0.8973731340001905
1000000,P2,Gen,0.9045780480000758
1000000,P2,Gen,0.9098501849998684
1000000,P2,Gen,0.8986798010000712
1000000,P2,Gen,0.9031929389998368
1000000,P2,Numpy,0.001369501999761269
1000000,P2,Numpy,0.0017270710000047984
1000000,P2,Numpy,0.002416831000118691
1000000,P2,Numpy,0.0020597930001713394
1000000,P2,Numpy,0.0014635779998570797
1000000,P2,Numpy,0.0015531660001215641
1000000,P2,Numpy,0.0013485330000548856
1000000,P2,Numpy,0.0013833979996888957
1000000,P2,Numpy,0.0015852149999773246
1000000,P2,Numpy,0.0013166130001991405
1000000,P2,Numpy,0.0013799520002066856
1000000,P2,Numpy,0.0018046360000880668
1000000,P2,Numpy,0.002934799999820825
1000000,P2,Numpy,0.001511777999894548
1000000,P2,Numpy,0.0015392000000247208
1000000,P2,Numpy,0.0015565419998893049
1000000,P2,Numpy,0.0014063309999983176
1000000,P2,Numpy,0.001348313000107737
1000000,P2,Numpy,0.0013122049999765295
1000000,P2,Numpy,0.0013566979996539885
1000000,P2,Numpy,0.0013108719999763707
1000000,P2,Numpy,0.0013397069997154176
1000000,P2,Numpy,0.001354793999780668
1000000,P2,Numpy,0.0013686400002370647
1000000,P2,Numpy,0.0013873750003767782
1000000,P2,Numpy,0.0013647830000991235
1000000,P2,Numpy,0.0013251790001049812
1000000,P2,Numpy,0.0013567279997914738
1000000,P2,Numpy,0.0013452570001390995
1000000,P2,Numpy,0.0013603839997813338
1000000,P2,Numpy,0.0013928350003880041
1000000,P2,Numpy,0.00129535299993222
1000000,P2,Numpy,0.001324075999946217
1000000,P2,Numpy,0.001506577999862202
1000000,P2,Numpy,0.001677777999702812
1000000,P2,Numpy,0.0028198449999763397
1000000,P2,Numpy,0.0015944329998092144
1000000,P2,Numpy,0.0014670440000372764
1000000,P2,Numpy,0.0013710949997403077
1000000,P2,Numpy,0.001312194000092859
1000000,P2,Numpy,0.0013497149998329405
1000000,P2,Numpy,0.0013847710001755331
1000000,P2,Numpy,0.0014322899996841443
1000000,P2,Numpy,0.0014536489998135949
1000000,P2,Numpy,0.001561421000133123
1000000,P2,Numpy,0.0030286050000540854
1000000,P2,Numpy,0.0016455579998364556
1000000,P2,Numpy,0.0016417819997514016
1000000,P2,Numpy,0.0014205170000423095
1000000,P2,Numpy,0.0015322559997912322
1000000,P3,For,1.0283986640001785
1000000,P3,For,1.006657479000296
1000000,P3,For,1.0146135059999324
1000000,P3,For,1.0072165750002569
1000000,P3,For,1.008873950999714
1000000,P3,For,0.9994903450001402
1000000,P3,For,1.005908004000048
1000000,P3,For,1.0036328850001155
1000000,P3,For,1.0000113380001494
1000000,P3,For,1.0066998430002059
1000000,P3,For,1.0044442909997997
1000000,P3,For,0.9975690000001123
1000000,P3,For,0.9933109840003453
1000000,P3,For,1.0062072790001366
1000000,P3,For,1.020640356000058
1000000,P3,For,1.0089358939999329
1000000,P3,For,1.0137938039997607
1000000,P3,For,1.0050257650000276
1000000,P3,For,1.0043518920001588
1000000,P3,For,0.9991759199997432
1000000,P3,For,0.9942229069997666
1000000,P3,For,1.0017590759998711
1000000,P3,For,0.9988520679999056
1000000,P3,For,1.0071101759999692
1000000,P3,For,0.9970202589997825
1000000,P3,For,0.9893809850000252
1000000,P3,For,0.9894304969998302
1000000,P3,For,0.9967268959999274
1000000,P3,For,0.9968214619998435
1000000,P3,For,0.9977003530002548
1000000,P3,For,0.9906679050000093
1000000,P3,For,1.0017366360002598
1000000,P3,For,1.0019359060001989
1000000,P3,For,1.0019137330000376
1000000,P3,For,1.0011778660000346
1000000,P3,For,0.9971007439999084
1000000,P3,For,0.9995874209998874
1000000,P3,For,1.0006092000003264
1000000,P3,For,1.0039781049999874
1000000,P3,For,0.9943019890001779
1000000,P3,For,0.9971709709998322
1000000,P3,For,0.9962913069998649
1000000,P3,For,1.007667255999877
1000000,P3,For,0.9858483689999957
1000000,P3,For,0.9984082119999584
1000000,P3,For,1.005926651000209
1000000,P3,For,0.994956731000002
1000000,P3,For,1.00330502099996
1000000,P3,For,1.0251960059999874
1000000,P3,For,1.0163030470002923
1000000,P3,Comp,1.9203109669997502
1000000,P3,Comp,1.9192311429997062
1000000,P3,Comp,1.8996154690003095
1000000,P3,Comp,1.9275839980000455
1000000,P3,Comp,1.9493365789999189
1000000,P3,Comp,1.9383607760000814
1000000,P3,Comp,1.9166609430003518
1000000,P3,Comp,1.928123709999909
1000000,P3,Comp,1.9188211590003448
1000000,P3,Comp,1.9186381250001432
1000000,P3,Comp,1.9363319510002839
1000000,P3,Comp,1.9374652629999218
1000000,P3,Comp,1.9399749770000199
1000000,P3,Comp,1.9177288490000137
1000000,P3,Comp,1.9174416430000747
1000000,P3,Comp,1.9206065539997326
1000000,P3,Comp,1.9229659709999396
1000000,P3,Comp,1.9174114799998279
1000000,P3,Comp,1.912314907000109
1000000,P3,Comp,1.9213041550001435
1000000,P3,Comp,1.9087178370000402
1000000,P3,Comp,1.899829086000409
1000000,P3,Comp,1.8980947960003505
1000000,P3,Comp,1.951981270000033
1000000,P3,Comp,1.928718875999948
1000000,P3,Comp,1.9167268349997357
1000000,P3,Comp,1.9118587050002134
1000000,P3,Comp,1.8971830610003053
1000000,P3,Comp,1.8969435039998643
1000000,P3,Comp,1.8954524020000463
1000000,P3,Comp,1.9112511499997709
1000000,P3,Comp,1.9168134499996086
1000000,P3,Comp,1.9188106040001003
1000000,P3,Comp,1.9327227950002452
1000000,P3,Comp,1.9095373989998734
1000000,P3,Comp,1.9487802880003073
1000000,P3,Comp,1.9280845179996504
1000000,P3,Comp,1.9316242039999452
1000000,P3,Comp,1.9233754440001576
1000000,P3,Comp,1.9185870219998833
1000000,P3,Comp,1.9167295600000216
1000000,P3,Comp,1.912999525000032
1000000,P3,Comp,1.9316106300002502
1000000,P3,Comp,1.9201091780000752
1000000,P3,Comp,1.9270804069997212
1000000,P3,Comp,1.9282918280000558
1000000,P3,Comp,1.9133762709998337
1000000,P3,Comp,1.9345333319997735
1000000,P3,Comp,1.9247651969999424
1000000,P3,Comp,1.9233591020001768
1000000,P3,Gen,1.9445861869999135
1000000,P3,Gen,1.9559057029996438
1000000,P3,Gen,1.9707668609999018
1000000,P3,Gen,1.967129080000177
1000000,P3,Gen,1.950152596999942
1000000,P3,Gen,1.9438327489997391
1000000,P3,Gen,1.956584152999767
1000000,P3,Gen,1.964090283999667
1000000,P3,Gen,1.950289960000191
1000000,P3,Gen,1.9540767480002614
1000000,P3,Gen,1.9525926599999366
1000000,P3,Gen,1.9406865619998825
1000000,P3,Gen,1.9445425199996862
1000000,P3,Gen,1.9483579230000032
1000000,P3,Gen,1.9544795639999393
1000000,P3,Gen,1.9567571110001154
1000000,P3,Gen,1.9350273959998958
1000000,P3,Gen,1.9344061920000968
1000000,P3,Gen,1.9344845430000532
1000000,P3,Gen,1.935983049999777
1000000,P3,Gen,1.9577022540001963
1000000,P3,Gen,1.979769724000107
1000000,P3,Gen,1.9381165180002426
1000000,P3,Gen,1.9533745880003153
1000000,P3,Gen,1.934009936000166
1000000,P3,Gen,1.9434236550000605
1000000,P3,Gen,1.9665864140001759
1000000,P3,Gen,1.9583235310001328
1000000,P3,Gen,1.973570555999686
1000000,P3,Gen,1.9545656310001505
1000000,P3,Gen,1.9439229079998768
1000000,P3,Gen,1.9533432479997828
1000000,P3,Gen,1.9559912790000453
1000000,P3,Gen,1.9443594169997596
1000000,P3,Gen,1.9376165940002466
1000000,P3,Gen,1.9534342520000791
1000000,P3,Gen,1.9522058530001232
1000000,P3,Gen,1.9516039119998823
1000000,P3,Gen,1.945212537000316
1000000,P3,Gen,1.955701074999979
1000000,P3,Gen,1.9465890349997608
1000000,P3,Gen,1.9330319470000177
1000000,P3,Gen,1.9544786960000238
1000000,P3,Gen,1.968094987999848
1000000,P3,Gen,1.9937999409999065
1000000,P3,Gen,1.9581141119997483
1000000,P3,Gen,1.9610349539998424
1000000,P3,Gen,1.9527689139999893
1000000,P3,Gen,1.9365464689999499
1000000,P3,Gen,1.9410822229997393
1000000,P3,Numpy,0.01809776000027341
1000000,P3,Numpy,0.015470407999600866
1000000,P3,Numpy,0.015413111000270874
1000000,P3,Numpy,0.01569190999998682
1000000,P3,Numpy,0.015441975000157981
1000000,P3,Numpy,0.014947273999950994
1000000,P3,Numpy,0.014239064999856055
1000000,P3,Numpy,0.014253612000175053
1000000,P3,Numpy,0.014308563999748003
1000000,P3,Numpy,0.014321167999696627
1000000,P3,Numpy,0.014358667000124115
1000000,P3,Numpy,0.015702890000284242
1000000,P3,Numpy,0.015733267000086926
1000000,P3,Numpy,0.015777248999711446
1000000,P3,Numpy,0.015213629999834666
1000000,P3,Numpy,0.01399627299997519
1000000,P3,Numpy,0.014219488999970054
1000000,P3,Numpy,0.014154367000173806
1000000,P3,Numpy,0.014383612999608886
1000000,P3,Numpy,0.014365038999585522
1000000,P3,Numpy,0.01534737900010441
1000000,P3,Numpy,0.015642308000224148
1000000,P3,Numpy,0.015508509000028425
1000000,P3,Numpy,0.014240045999940776
1000000,P3,Numpy,0.014123599999948055
1000000,P3,Numpy,0.014616938000017399
1000000,P3,Numpy,0.014303815999937797
1000000,P3,Numpy,0.014335755000047357
1000000,P3,Numpy,0.014365780999924027
1000000,P3,Numpy,0.0157146130000001
1000000,P3,Numpy,0.01581900700011829
1000000,P3,Numpy,0.015441464000105043
1000000,P3,Numpy,0.014491474000351445
1000000,P3,Numpy,0.014414250999834621
1000000,P3,Numpy,0.014178300999901694
1000000,P3,Numpy,0.014251338000121905
1000000,P3,Numpy,0.014288357000168617
1000000,P3,Numpy,0.014535325999986526
1000000,P3,Numpy,0.015661823999835178
1000000,P3,Numpy,0.015937547000248742
1000000,P3,Numpy,0.016010512999855564
1000000,P3,Numpy,0.014647053999851778
1000000,P3,Numpy,0.015931565999835584
1000000,P3,Numpy,0.013896996999847033
1000000,P3,Numpy,0.013919007999902533
1000000,P3,Numpy,0.013971887000025163
1000000,P3,Numpy,0.01415265300011015
1000000,P3,Numpy,0.015177722000316862
1000000,P3,Numpy,0.015545967999969434
1000000,P3,Numpy,0.015711536999788223
